index,filename
0,dataset/82. academicDigital/academicDigital0000001.jpg
1,dataset/82. academicDigital/academicDigital0000002.jpg
2,dataset/82. academicDigital/academicDigital0000003.jpg
3,dataset/82. academicDigital/academicDigital0000004.jpg
4,dataset/82. academicDigital/academicDigital0000005.jpg
5,dataset/82. academicDigital/academicDigital0000006.jpg
6,dataset/82. academicDigital/academicDigital0000007.jpg
7,dataset/82. academicDigital/academicDigital0000009.jpg
8,dataset/82. academicDigital/academicDigital0000014.jpg
9,dataset/82. academicDigital/academicDigital0000015.jpg
10,dataset/82. academicDigital/academicDigital0000016.jpg
11,dataset/82. academicDigital/academicDigital0000017.jpg
12,dataset/82. academicDigital/academicDigital0000018.jpg
13,dataset/82. academicDigital/academicDigital0000019.jpg
14,dataset/82. academicDigital/academicDigital0000020.jpg
15,dataset/82. academicDigital/academicDigital0000021.jpg
16,dataset/82. academicDigital/academicDigital0000022.jpg
17,dataset/82. academicDigital/academicDigital0000023.jpg
18,dataset/82. academicDigital/academicDigital0000024.jpg
19,dataset/82. academicDigital/academicDigital0000025.jpg
20,dataset/82. academicDigital/academicDigital0000026.jpg
21,dataset/82. academicDigital/academicDigital0000027.jpg
22,dataset/82. academicDigital/academicDigital0000028.jpg
23,dataset/82. academicDigital/academicDigital0000029.jpg
24,dataset/82. academicDigital/academicDigital0000030.jpg
25,dataset/82. academicDigital/academicDigital0000031.jpg
26,dataset/82. academicDigital/academicDigital0000032.jpg
27,dataset/82. academicDigital/academicDigital0000033.jpg
28,dataset/82. academicDigital/academicDigital0000034.jpg
29,dataset/82. academicDigital/academicDigital0000035.jpg
30,dataset/82. academicDigital/academicDigital0000036.jpg
31,dataset/82. academicDigital/academicDigital0000037.jpg
32,dataset/82. academicDigital/academicDigital0000038.jpg
33,dataset/82. academicDigital/academicDigital0000039.jpg
34,dataset/82. academicDigital/academicDigital0000040.jpg
35,dataset/82. academicDigital/academicDigital0000041.jpg
36,dataset/82. academicDigital/academicDigital0000043.jpg
37,dataset/82. academicDigital/academicDigital0000044.jpg
38,dataset/82. academicDigital/academicDigital0000048.jpg
39,dataset/82. academicDigital/academicDigital0000049.jpg
40,dataset/82. academicDigital/academicDigital0000050.jpg
41,dataset/82. academicDigital/academicDigital0000051.jpg
42,dataset/82. academicDigital/academicDigital0000052.jpg
43,dataset/82. academicDigital/academicDigital0000053.jpg
44,dataset/82. academicDigital/academicDigital0000054.jpg
45,dataset/82. academicDigital/academicDigital0000055.jpg
46,dataset/82. academicDigital/academicDigital0000057.jpg
47,dataset/82. academicDigital/academicDigital0000058.jpg
48,dataset/82. academicDigital/academicDigital0000059.jpg
49,dataset/82. academicDigital/academicDigital0000060.jpg
50,dataset/82. academicDigital/academicDigital0000063.jpg
51,dataset/82. academicDigital/academicDigital0000065.jpg
52,dataset/82. academicDigital/academicDigital0000066.jpg
53,dataset/82. academicDigital/academicDigital0000068.jpg
54,dataset/82. academicDigital/academicDigital0000075.jpg
55,dataset/82. academicDigital/academicDigital0000076.jpg
56,dataset/82. academicDigital/academicDigital0000077.jpg
57,dataset/82. academicDigital/academicDigital0000078.jpg
58,dataset/82. academicDigital/academicDigital0000079.jpg
59,dataset/82. academicDigital/academicDigital0000080.jpg
60,dataset/82. academicDigital/academicDigital0000083.jpg
61,dataset/82. academicDigital/academicDigital0000086.jpg
62,dataset/82. academicDigital/academicDigital0000087.jpg
63,dataset/82. academicDigital/academicDigital0000089.jpg
64,dataset/82. academicDigital/academicDigital0000090.jpg
65,dataset/82. academicDigital/academicDigital0000091.jpg
66,dataset/82. academicDigital/academicDigital0000092.jpg
67,dataset/82. academicDigital/academicDigital0000093.jpg
68,dataset/82. academicDigital/academicDigital0000094.jpg
69,dataset/82. academicDigital/academicDigital0000096.jpg
70,dataset/82. academicDigital/academicDigital0000097.jpg
71,dataset/82. academicDigital/academicDigital0000098.jpg
72,dataset/82. academicDigital/academicDigital0000099.jpg
73,dataset/82. academicDigital/academicDigital0000100.jpg
74,dataset/82. academicDigital/academicDigital0000101.jpg
75,dataset/82. academicDigital/academicDigital0000102.jpg
76,dataset/82. academicDigital/academicDigital0000103.jpg
77,dataset/82. academicDigital/academicDigital0000104.jpg
78,dataset/82. academicDigital/academicDigital0000105.jpg
79,dataset/82. academicDigital/academicDigital0000107.jpg
80,dataset/82. academicDigital/academicDigital0000111.jpg
81,dataset/82. academicDigital/academicDigital0000114.jpg
82,dataset/82. academicDigital/academicDigital0000115.jpg
83,dataset/82. academicDigital/academicDigital0000116.jpg
84,dataset/82. academicDigital/academicDigital0000117.jpg
85,dataset/82. academicDigital/academicDigital0000120.jpg
86,dataset/82. academicDigital/academicDigital0000121.jpg
87,dataset/82. academicDigital/academicDigital0000124.jpg
88,dataset/82. academicDigital/academicDigital0000125.jpg
89,dataset/82. academicDigital/academicDigital0000126.jpg
90,dataset/82. academicDigital/academicDigital0000127.jpg
91,dataset/82. academicDigital/academicDigital0000128.jpg
92,dataset/82. academicDigital/academicDigital0000129.jpg
93,dataset/82. academicDigital/academicDigital0000131.jpg
94,dataset/82. academicDigital/academicDigital0000132.jpg
95,dataset/82. academicDigital/academicDigital0000133.jpg
96,dataset/82. academicDigital/academicDigital0000134.jpg
97,dataset/82. academicDigital/academicDigital0000135.jpg
98,dataset/82. academicDigital/academicDigital0000136.jpg
99,dataset/82. academicDigital/academicDigital0000137.jpg
100,dataset/82. academicDigital/academicDigital0000138.jpg
101,dataset/82. academicDigital/academicDigital0000139.jpg
102,dataset/82. academicDigital/academicDigital0000140.jpg
103,dataset/82. academicDigital/academicDigital0000142.jpg
104,dataset/82. academicDigital/academicDigital0000144.jpg
105,dataset/82. academicDigital/academicDigital0000145.jpg
106,dataset/82. academicDigital/academicDigital0000146.jpg
107,dataset/82. academicDigital/academicDigital0000147.jpg
108,dataset/82. academicDigital/academicDigital0000151.jpg
109,dataset/82. academicDigital/academicDigital0000153.jpg
110,dataset/82. academicDigital/academicDigital0000156.jpg
111,dataset/82. academicDigital/academicDigital0000157.jpg
112,dataset/82. academicDigital/academicDigital0000158.jpg
113,dataset/82. academicDigital/academicDigital0000160.jpg
114,dataset/82. academicDigital/academicDigital0000161.jpg
115,dataset/82. academicDigital/academicDigital0000162.jpg
116,dataset/82. academicDigital/academicDigital0000164.jpg
117,dataset/82. academicDigital/academicDigital0000166.jpg
118,dataset/82. academicDigital/academicDigital0000169.jpg
119,dataset/82. academicDigital/academicDigital0000170.jpg
120,dataset/82. academicDigital/academicDigital0000171.jpg
121,dataset/82. academicDigital/academicDigital0000173.jpg
122,dataset/82. academicDigital/academicDigital0000174.jpg
123,dataset/82. academicDigital/academicDigital0000175.jpg
124,dataset/82. academicDigital/academicDigital0000176.jpg
125,dataset/82. academicDigital/academicDigital0000178.jpg
126,dataset/82. academicDigital/academicDigital0000181.jpg
127,dataset/82. academicDigital/academicDigital0000183.jpg
128,dataset/82. academicDigital/academicDigital0000185.jpg
129,dataset/82. academicDigital/academicDigital0000186.jpg
130,dataset/82. academicDigital/academicDigital0000188.jpg
131,dataset/82. academicDigital/academicDigital0000189.jpg
132,dataset/82. academicDigital/academicDigital0000190.jpg
133,dataset/82. academicDigital/academicDigital0000191.jpg
134,dataset/82. academicDigital/academicDigital0000192.jpg
135,dataset/82. academicDigital/academicDigital0000194.jpg
136,dataset/82. academicDigital/academicDigital0000195.jpg
137,dataset/82. academicDigital/academicDigital0000196.jpg
138,dataset/82. academicDigital/academicDigital0000198.jpg
139,dataset/82. academicDigital/academicDigital0000200.jpg
140,dataset/82. academicDigital/academicDigital0000201.jpg
141,dataset/82. academicDigital/academicDigital0000202.jpg
142,dataset/82. academicDigital/academicDigital0000204.jpg
143,dataset/82. academicDigital/academicDigital0000205.jpg
144,dataset/82. academicDigital/academicDigital0000206.jpg
145,dataset/82. academicDigital/academicDigital0000207.jpg
146,dataset/82. academicDigital/academicDigital0000208.jpg
147,dataset/82. academicDigital/academicDigital0000209.jpg
148,dataset/82. academicDigital/academicDigital0000210.jpg
149,dataset/82. academicDigital/academicDigital0000211.jpg
150,dataset/82. academicDigital/academicDigital0000212.jpg
151,dataset/82. academicDigital/academicDigital0000213.jpg
152,dataset/82. academicDigital/academicDigital0000214.jpg
153,dataset/82. academicDigital/academicDigital0000215.jpg
154,dataset/82. academicDigital/academicDigital0000216.jpg
155,dataset/82. academicDigital/academicDigital0000217.jpg
156,dataset/82. academicDigital/academicDigital0000218.jpg
157,dataset/82. academicDigital/academicDigital0000219.jpg
158,dataset/82. academicDigital/academicDigital0000220.jpg
159,dataset/82. academicDigital/academicDigital0000221.jpg
160,dataset/82. academicDigital/academicDigital0000222.jpg
161,dataset/82. academicDigital/academicDigital0000223.jpg
162,dataset/82. academicDigital/academicDigital0000226.jpg
163,dataset/82. academicDigital/academicDigital0000227.jpg
164,dataset/82. academicDigital/academicDigital0000228.jpg
165,dataset/82. academicDigital/academicDigital0000229.jpg
166,dataset/82. academicDigital/academicDigital0000230.jpg
167,dataset/82. academicDigital/academicDigital0000232.jpg
168,dataset/82. academicDigital/academicDigital0000237.jpg
169,dataset/82. academicDigital/academicDigital0000239.jpg
170,dataset/82. academicDigital/academicDigital0000240.jpg
171,dataset/82. academicDigital/academicDigital0000241.jpg
172,dataset/82. academicDigital/academicDigital0000242.jpg
173,dataset/82. academicDigital/academicDigital0000243.jpg
174,dataset/82. academicDigital/academicDigital0000244.jpg
175,dataset/82. academicDigital/academicDigital0000245.jpg
176,dataset/82. academicDigital/academicDigital0000246.jpg
177,dataset/82. academicDigital/academicDigital0000247.jpg
178,dataset/82. academicDigital/academicDigital0000248.jpg
179,dataset/82. academicDigital/academicDigital0000249.jpg
180,dataset/82. academicDigital/academicDigital0000250.jpg
181,dataset/82. academicDigital/academicDigital0000251.jpg
182,dataset/82. academicDigital/academicDigital0000252.jpg
183,dataset/82. academicDigital/academicDigital0000253.jpg
184,dataset/82. academicDigital/academicDigital0000254.jpg
185,dataset/82. academicDigital/academicDigital0000255.jpg
186,dataset/82. academicDigital/academicDigital0000256.jpg
187,dataset/82. academicDigital/academicDigital0000260.jpg
188,dataset/82. academicDigital/academicDigital0000262.jpg
189,dataset/82. academicDigital/academicDigital0000263.jpg
190,dataset/82. academicDigital/academicDigital0000264.jpg
191,dataset/82. academicDigital/academicDigital0000265.jpg
192,dataset/82. academicDigital/academicDigital0000267.jpg
193,dataset/82. academicDigital/academicDigital0000268.jpg
194,dataset/82. academicDigital/academicDigital0000269.jpg
195,dataset/82. academicDigital/academicDigital0000270.jpg
196,dataset/82. academicDigital/academicDigital0000271.jpg
197,dataset/82. academicDigital/academicDigital0000272.jpg
198,dataset/82. academicDigital/academicDigital0000273.jpg
199,dataset/82. academicDigital/academicDigital0000274.jpg
200,dataset/82. academicDigital/academicDigital0000275.jpg
201,dataset/82. academicDigital/academicDigital0000276.jpg
202,dataset/82. academicDigital/academicDigital0000277.jpg
203,dataset/82. academicDigital/academicDigital0000278.jpg
204,dataset/82. academicDigital/academicDigital0000279.jpg
205,dataset/82. academicDigital/academicDigital0000280.jpg
206,dataset/82. academicDigital/academicDigital0000281.jpg
207,dataset/82. academicDigital/academicDigital0000282.jpg
208,dataset/82. academicDigital/academicDigital0000283.jpg
209,dataset/82. academicDigital/academicDigital0000284.jpg
210,dataset/82. academicDigital/academicDigital0000285.jpg
211,dataset/82. academicDigital/academicDigital0000286.jpg
212,dataset/82. academicDigital/academicDigital0000287.jpg
213,dataset/82. academicDigital/academicDigital0000288.jpg
214,dataset/82. academicDigital/academicDigital0000289.jpg
215,dataset/82. academicDigital/academicDigital0000290.jpg
216,dataset/82. academicDigital/academicDigital0000291.jpg
217,dataset/82. academicDigital/academicDigital0000292.jpg
218,dataset/82. academicDigital/academicDigital0000293.jpg
219,dataset/82. academicDigital/academicDigital0000294.jpg
220,dataset/82. academicDigital/academicDigital0000295.jpg
221,dataset/82. academicDigital/academicDigital0000297.jpg
222,dataset/82. academicDigital/academicDigital0000298.jpg
223,dataset/82. academicDigital/academicDigital0000299.jpg
224,dataset/82. academicDigital/academicDigital0000300.jpg
225,dataset/82. academicDigital/academicDigital0000301.jpg
226,dataset/82. academicDigital/academicDigital0000302.jpg
227,dataset/82. academicDigital/academicDigital0000303.jpg
228,dataset/82. academicDigital/academicDigital0000304.jpg
229,dataset/82. academicDigital/academicDigital0000305.jpg
230,dataset/82. academicDigital/academicDigital0000306.jpg
231,dataset/82. academicDigital/academicDigital0000307.jpg
232,dataset/82. academicDigital/academicDigital0000309.jpg
233,dataset/82. academicDigital/academicDigital0000310.jpg
234,dataset/82. academicDigital/academicDigital0000312.jpg
235,dataset/82. academicDigital/academicDigital0000317.jpg
236,dataset/82. academicDigital/academicDigital0000318.jpg
237,dataset/82. academicDigital/academicDigital0000319.jpg
238,dataset/82. academicDigital/academicDigital0000320.jpg
239,dataset/82. academicDigital/academicDigital0000321.jpg
240,dataset/82. academicDigital/academicDigital0000322.jpg
241,dataset/82. academicDigital/academicDigital0000323.jpg
242,dataset/82. academicDigital/academicDigital0000324.jpg
243,dataset/82. academicDigital/academicDigital0000325.jpg
244,dataset/82. academicDigital/academicDigital0000326.jpg
245,dataset/82. academicDigital/academicDigital0000327.jpg
246,dataset/82. academicDigital/academicDigital0000329.jpg
247,dataset/82. academicDigital/academicDigital0000330.jpg
248,dataset/82. academicDigital/academicDigital0000331.jpg
249,dataset/82. academicDigital/academicDigital0000332.jpg
250,dataset/82. academicDigital/academicDigital0000333.jpg
251,dataset/82. academicDigital/academicDigital0000334.jpg
252,dataset/82. academicDigital/academicDigital0000336.jpg
253,dataset/82. academicDigital/academicDigital0000337.jpg
254,dataset/82. academicDigital/academicDigital0000339.jpg
255,dataset/82. academicDigital/academicDigital0000341.jpg
256,dataset/82. academicDigital/academicDigital0000342.jpg
257,dataset/82. academicDigital/academicDigital0000343.jpg
258,dataset/82. academicDigital/academicDigital0000344.jpg
259,dataset/82. academicDigital/academicDigital0000346.jpg
260,dataset/82. academicDigital/academicDigital0000347.jpg
261,dataset/82. academicDigital/academicDigital0000348.jpg
262,dataset/82. academicDigital/academicDigital0000351.jpg
263,dataset/82. academicDigital/academicDigital0000352.jpg
264,dataset/82. academicDigital/academicDigital0000353.jpg
265,dataset/82. academicDigital/academicDigital0000355.jpg
266,dataset/82. academicDigital/academicDigital0000357.jpg
267,dataset/82. academicDigital/academicDigital0000358.jpg
268,dataset/82. academicDigital/academicDigital0000359.jpg
269,dataset/82. academicDigital/academicDigital0000360.jpg
270,dataset/82. academicDigital/academicDigital0000361.jpg
271,dataset/82. academicDigital/academicDigital0000363.jpg
272,dataset/82. academicDigital/academicDigital0000365.jpg
273,dataset/82. academicDigital/academicDigital0000366.jpg
274,dataset/82. academicDigital/academicDigital0000369.jpg
275,dataset/82. academicDigital/academicDigital0000371.jpg
276,dataset/82. academicDigital/academicDigital0000372.jpg
277,dataset/82. academicDigital/academicDigital0000373.jpg
278,dataset/82. academicDigital/academicDigital0000374.jpg
279,dataset/82. academicDigital/academicDigital0000375.jpg
280,dataset/82. academicDigital/academicDigital0000377.jpg
281,dataset/82. academicDigital/academicDigital0000378.jpg
282,dataset/82. academicDigital/academicDigital0000380.jpg
283,dataset/82. academicDigital/academicDigital0000381.jpg
284,dataset/82. academicDigital/academicDigital0000382.jpg
285,dataset/82. academicDigital/academicDigital0000383.jpg
286,dataset/82. academicDigital/academicDigital0000384.jpg
287,dataset/82. academicDigital/academicDigital0000385.jpg
288,dataset/82. academicDigital/academicDigital0000386.jpg
289,dataset/82. academicDigital/academicDigital0000387.jpg
290,dataset/82. academicDigital/academicDigital0000388.jpg
291,dataset/82. academicDigital/academicDigital0000389.jpg
292,dataset/82. academicDigital/academicDigital0000390.jpg
293,dataset/82. academicDigital/academicDigital0000391.jpg
294,dataset/82. academicDigital/academicDigital0000393.jpg
295,dataset/82. academicDigital/academicDigital0000394.jpg
296,dataset/82. academicDigital/academicDigital0000395.jpg
297,dataset/82. academicDigital/academicDigital0000396.jpg
298,dataset/82. academicDigital/academicDigital0000397.jpg
299,dataset/82. academicDigital/academicDigital0000398.jpg
300,dataset/82. academicDigital/academicDigital0000399.jpg
301,dataset/82. academicDigital/academicDigital0000400.jpg
302,dataset/82. academicDigital/academicDigital0000401.jpg
303,dataset/82. academicDigital/academicDigital0000402.jpg
304,dataset/82. academicDigital/academicDigital0000403.jpg
305,dataset/82. academicDigital/academicDigital0000406.jpg
306,dataset/82. academicDigital/academicDigital0000408.jpg
307,dataset/82. academicDigital/academicDigital0000409.jpg
308,dataset/82. academicDigital/academicDigital0000410.jpg
309,dataset/82. academicDigital/academicDigital0000411.jpg
310,dataset/82. academicDigital/academicDigital0000413.jpg
311,dataset/82. academicDigital/academicDigital0000415.jpg
312,dataset/82. academicDigital/academicDigital0000417.jpg
313,dataset/82. academicDigital/academicDigital0000418.jpg
314,dataset/82. academicDigital/academicDigital0000421.jpg
315,dataset/82. academicDigital/academicDigital0000422.jpg
316,dataset/82. academicDigital/academicDigital0000423.jpg
317,dataset/82. academicDigital/academicDigital0000424.jpg
318,dataset/82. academicDigital/academicDigital0000425.jpg
319,dataset/82. academicDigital/academicDigital0000426.jpg
320,dataset/82. academicDigital/academicDigital0000427.jpg
321,dataset/82. academicDigital/academicDigital0000428.jpg
322,dataset/82. academicDigital/academicDigital0000429.jpg
323,dataset/82. academicDigital/academicDigital0000430.jpg
324,dataset/82. academicDigital/academicDigital0000431.jpg
325,dataset/82. academicDigital/academicDigital0000432.jpg
326,dataset/82. academicDigital/academicDigital0000433.jpg
327,dataset/82. academicDigital/academicDigital0000434.jpg
328,dataset/82. academicDigital/academicDigital0000435.jpg
329,dataset/82. academicDigital/academicDigital0000436.jpg
330,dataset/82. academicDigital/academicDigital0000437.jpg
331,dataset/82. academicDigital/academicDigital0000438.jpg
332,dataset/82. academicDigital/academicDigital0000439.jpg
333,dataset/82. academicDigital/academicDigital0000440.jpg
334,dataset/82. academicDigital/academicDigital0000441.jpg
335,dataset/82. academicDigital/academicDigital0000442.jpg
336,dataset/82. academicDigital/academicDigital0000443.jpg
337,dataset/82. academicDigital/academicDigital0000444.jpg
338,dataset/82. academicDigital/academicDigital0000445.jpg
339,dataset/82. academicDigital/academicDigital0000446.jpg
340,dataset/82. academicDigital/academicDigital0000447.jpg
341,dataset/82. academicDigital/academicDigital0000448.jpg
342,dataset/82. academicDigital/academicDigital0000449.jpg
343,dataset/82. academicDigital/academicDigital0000450.jpg
344,dataset/82. academicDigital/academicDigital0000451.jpg
345,dataset/82. academicDigital/academicDigital0000453.jpg
346,dataset/82. academicDigital/academicDigital0000454.jpg
347,dataset/82. academicDigital/academicDigital0000455.jpg
348,dataset/82. academicDigital/academicDigital0000456.jpg
349,dataset/82. academicDigital/academicDigital0000457.jpg
350,dataset/82. academicDigital/academicDigital0000458.jpg
351,dataset/82. academicDigital/academicDigital0000459.jpg
352,dataset/82. academicDigital/academicDigital0000460.jpg
353,dataset/82. academicDigital/academicDigital0000461.jpg
354,dataset/82. academicDigital/academicDigital0000462.jpg
355,dataset/82. academicDigital/academicDigital0000463.jpg
356,dataset/82. academicDigital/academicDigital0000464.jpg
357,dataset/82. academicDigital/academicDigital0000465.jpg
358,dataset/82. academicDigital/academicDigital0000466.jpg
359,dataset/82. academicDigital/academicDigital0000468.jpg
360,dataset/82. academicDigital/academicDigital0000470.jpg
361,dataset/82. academicDigital/academicDigital0000471.jpg
362,dataset/82. academicDigital/academicDigital0000473.jpg
363,dataset/82. academicDigital/academicDigital0000474.jpg
364,dataset/82. academicDigital/academicDigital0000475.jpg
365,dataset/82. academicDigital/academicDigital0000477.jpg
366,dataset/82. academicDigital/academicDigital0000478.jpg
367,dataset/82. academicDigital/academicDigital0000479.jpg
368,dataset/82. academicDigital/academicDigital0000480.jpg
369,dataset/82. academicDigital/academicDigital0000481.jpg
370,dataset/82. academicDigital/academicDigital0000482.jpg
371,dataset/82. academicDigital/academicDigital0000483.jpg
372,dataset/82. academicDigital/academicDigital0000484.jpg
373,dataset/82. academicDigital/academicDigital0000485.jpg
374,dataset/82. academicDigital/academicDigital0000486.jpg
375,dataset/82. academicDigital/academicDigital0000487.jpg
376,dataset/82. academicDigital/academicDigital0000488.jpg
377,dataset/82. academicDigital/academicDigital0000489.jpg
378,dataset/82. academicDigital/academicDigital0000490.jpg
379,dataset/82. academicDigital/academicDigital0000492.jpg
380,dataset/82. academicDigital/academicDigital0000493.jpg
381,dataset/82. academicDigital/academicDigital0000494.jpg
382,dataset/82. academicDigital/academicDigital0000495.jpg
383,dataset/82. academicDigital/academicDigital0000496.jpg
384,dataset/82. academicDigital/academicDigital0000497.jpg
385,dataset/82. academicDigital/academicDigital0000498.jpg
386,dataset/82. academicDigital/academicDigital0000499.jpg
387,dataset/82. academicDigital/academicDigital0000500.jpg
388,dataset/82. academicDigital/academicDigital0000501.jpg
389,dataset/82. academicDigital/academicDigital0000502.jpg
390,dataset/82. academicDigital/academicDigital0000503.jpg
391,dataset/82. academicDigital/academicDigital0000504.jpg
392,dataset/82. academicDigital/academicDigital0000505.jpg
393,dataset/82. academicDigital/academicDigital0000506.jpg
394,dataset/82. academicDigital/academicDigital0000507.jpg
395,dataset/82. academicDigital/academicDigital0000508.jpg
396,dataset/82. academicDigital/academicDigital0000509.jpg
397,dataset/82. academicDigital/academicDigital0000510.jpg
398,dataset/82. academicDigital/academicDigital0000512.jpg
399,dataset/82. academicDigital/academicDigital0000513.jpg
400,dataset/82. academicDigital/academicDigital0000514.jpg
401,dataset/82. academicDigital/academicDigital0000515.jpg
402,dataset/82. academicDigital/academicDigital0000516.jpg
403,dataset/82. academicDigital/academicDigital0000517.jpg
404,dataset/82. academicDigital/academicDigital0000518.jpg
405,dataset/82. academicDigital/academicDigital0000519.jpg
406,dataset/82. academicDigital/academicDigital0000520.jpg
407,dataset/82. academicDigital/academicDigital0000521.jpg
408,dataset/82. academicDigital/academicDigital0000522.jpg
409,dataset/82. academicDigital/academicDigital0000523.jpg
410,dataset/82. academicDigital/academicDigital0000524.jpg
411,dataset/82. academicDigital/academicDigital0000525.jpg
412,dataset/82. academicDigital/academicDigital0000529.jpg
413,dataset/82. academicDigital/academicDigital0000530.jpg
414,dataset/82. academicDigital/academicDigital0000531.jpg
415,dataset/82. academicDigital/academicDigital0000532.jpg
416,dataset/82. academicDigital/academicDigital0000533.jpg
417,dataset/82. academicDigital/academicDigital0000534.jpg
418,dataset/82. academicDigital/academicDigital0000538.jpg
419,dataset/82. academicDigital/academicDigital0000539.jpg
420,dataset/82. academicDigital/academicDigital0000540.jpg
421,dataset/82. academicDigital/academicDigital0000541.jpg
422,dataset/82. academicDigital/academicDigital0000543.jpg
423,dataset/82. academicDigital/academicDigital0000544.jpg
424,dataset/82. academicDigital/academicDigital0000545.jpg
425,dataset/82. academicDigital/academicDigital0000546.jpg
426,dataset/82. academicDigital/academicDigital0000547.jpg
427,dataset/82. academicDigital/academicDigital0000548.jpg
428,dataset/82. academicDigital/academicDigital0000549.jpg
429,dataset/82. academicDigital/academicDigital0000550.jpg
430,dataset/82. academicDigital/academicDigital0000552.jpg
431,dataset/82. academicDigital/academicDigital0000553.jpg
432,dataset/82. academicDigital/academicDigital0000554.jpg
433,dataset/82. academicDigital/academicDigital0000555.jpg
434,dataset/82. academicDigital/academicDigital0000557.jpg
435,dataset/82. academicDigital/academicDigital0000558.jpg
436,dataset/82. academicDigital/academicDigital0000559.jpg
437,dataset/82. academicDigital/academicDigital0000560.jpg
438,dataset/82. academicDigital/academicDigital0000561.jpg
439,dataset/82. academicDigital/academicDigital0000562.jpg
440,dataset/82. academicDigital/academicDigital0000566.jpg
441,dataset/82. academicDigital/academicDigital0000567.jpg
442,dataset/82. academicDigital/academicDigital0000568.jpg
443,dataset/82. academicDigital/academicDigital0000569.jpg
444,dataset/82. academicDigital/academicDigital0000570.jpg
445,dataset/82. academicDigital/academicDigital0000571.jpg
446,dataset/82. academicDigital/academicDigital0000572.jpg
447,dataset/82. academicDigital/academicDigital0000573.jpg
448,dataset/82. academicDigital/academicDigital0000574.jpg
449,dataset/82. academicDigital/academicDigital0000575.jpg
450,dataset/82. academicDigital/academicDigital0000576.jpg
451,dataset/82. academicDigital/academicDigital0000578.jpg
452,dataset/82. academicDigital/academicDigital0000579.jpg
453,dataset/82. academicDigital/academicDigital0000580.jpg
454,dataset/82. academicDigital/academicDigital0000581.jpg
455,dataset/82. academicDigital/academicDigital0000584.jpg
456,dataset/82. academicDigital/academicDigital0000585.jpg
457,dataset/82. academicDigital/academicDigital0000587.jpg
458,dataset/82. academicDigital/academicDigital0000588.jpg
459,dataset/82. academicDigital/academicDigital0000590.jpg
460,dataset/82. academicDigital/academicDigital0000591.jpg
461,dataset/82. academicDigital/academicDigital0000592.jpg
462,dataset/82. academicDigital/academicDigital0000593.jpg
463,dataset/82. academicDigital/academicDigital0000594.jpg
464,dataset/82. academicDigital/academicDigital0000595.jpg
465,dataset/82. academicDigital/academicDigital0000596.jpg
466,dataset/82. academicDigital/academicDigital0000597.jpg
467,dataset/82. academicDigital/academicDigital0000598.jpg
468,dataset/82. academicDigital/academicDigital0000599.jpg
469,dataset/82. academicDigital/academicDigital0000600.jpg
470,dataset/82. academicDigital/academicDigital0000601.jpg
471,dataset/82. academicDigital/academicDigital0000602.jpg
472,dataset/82. academicDigital/academicDigital0000603.jpg
473,dataset/82. academicDigital/academicDigital0000604.jpg
474,dataset/82. academicDigital/academicDigital0000605.jpg
475,dataset/82. academicDigital/academicDigital0000606.jpg
476,dataset/82. academicDigital/academicDigital0000607.jpg
477,dataset/82. academicDigital/academicDigital0000610.jpg
478,dataset/82. academicDigital/academicDigital0000611.jpg
479,dataset/82. academicDigital/academicDigital0000612.jpg
480,dataset/82. academicDigital/academicDigital0000613.jpg
481,dataset/82. academicDigital/academicDigital0000614.jpg
482,dataset/82. academicDigital/academicDigital0000615.jpg
483,dataset/82. academicDigital/academicDigital0000616.jpg
484,dataset/82. academicDigital/academicDigital0000617.jpg
485,dataset/82. academicDigital/academicDigital0000618.jpg
486,dataset/82. academicDigital/academicDigital0000619.jpg
487,dataset/82. academicDigital/academicDigital0000620.jpg
488,dataset/82. academicDigital/academicDigital0000621.jpg
489,dataset/82. academicDigital/academicDigital0000622.jpg
490,dataset/82. academicDigital/academicDigital0000623.jpg
491,dataset/82. academicDigital/academicDigital0000624.jpg
492,dataset/82. academicDigital/academicDigital0000625.jpg
493,dataset/82. academicDigital/academicDigital0000626.jpg
494,dataset/82. academicDigital/academicDigital0000627.jpg
495,dataset/82. academicDigital/academicDigital0000628.jpg
496,dataset/82. academicDigital/academicDigital0000629.jpg
497,dataset/82. academicDigital/academicDigital0000631.jpg
498,dataset/82. academicDigital/academicDigital0000632.jpg
499,dataset/82. academicDigital/academicDigital0000633.jpg
500,dataset/82. academicDigital/academicDigital0000634.jpg
501,dataset/82. academicDigital/academicDigital0000635.jpg
502,dataset/82. academicDigital/academicDigital0000636.jpg
503,dataset/82. academicDigital/academicDigital0000639.jpg
504,dataset/82. academicDigital/academicDigital0000640.jpg
505,dataset/82. academicDigital/academicDigital0000643.jpg
506,dataset/82. academicDigital/academicDigital0000644.jpg
507,dataset/82. academicDigital/academicDigital0000645.jpg
508,dataset/82. academicDigital/academicDigital0000647.jpg
509,dataset/82. academicDigital/academicDigital0000648.jpg
510,dataset/82. academicDigital/academicDigital0000650.jpg
511,dataset/82. academicDigital/academicDigital0000651.jpg
512,dataset/82. academicDigital/academicDigital0000652.jpg
513,dataset/82. academicDigital/academicDigital0000653.jpg
514,dataset/82. academicDigital/academicDigital0000655.jpg
515,dataset/82. academicDigital/academicDigital0000656.jpg
516,dataset/82. academicDigital/academicDigital0000657.jpg
517,dataset/82. academicDigital/academicDigital0000659.jpg
518,dataset/82. academicDigital/academicDigital0000660.jpg
519,dataset/82. academicDigital/academicDigital0000661.jpg
520,dataset/82. academicDigital/academicDigital0000662.jpg
521,dataset/82. academicDigital/academicDigital0000664.jpg
522,dataset/82. academicDigital/academicDigital0000665.jpg
523,dataset/82. academicDigital/academicDigital0000667.jpg
524,dataset/82. academicDigital/academicDigital0000668.jpg
525,dataset/82. academicDigital/academicDigital0000669.jpg
526,dataset/82. academicDigital/academicDigital0000674.jpg
527,dataset/82. academicDigital/academicDigital0000675.jpg
528,dataset/82. academicDigital/academicDigital0000676.jpg
529,dataset/82. academicDigital/academicDigital0000677.jpg
530,dataset/82. academicDigital/academicDigital0000679.jpg
531,dataset/82. academicDigital/academicDigital0000680.jpg
532,dataset/82. academicDigital/academicDigital0000681.jpg
533,dataset/82. academicDigital/academicDigital0000682.jpg
534,dataset/82. academicDigital/academicDigital0000683.jpg
535,dataset/82. academicDigital/academicDigital0000685.jpg
536,dataset/82. academicDigital/academicDigital0000686.jpg
537,dataset/82. academicDigital/academicDigital0000687.jpg
538,dataset/82. academicDigital/academicDigital0000688.jpg
539,dataset/82. academicDigital/academicDigital0000689.jpg
540,dataset/82. academicDigital/academicDigital0000690.jpg
541,dataset/82. academicDigital/academicDigital0000691.jpg
542,dataset/82. academicDigital/academicDigital0000692.jpg
543,dataset/82. academicDigital/academicDigital0000693.jpg
544,dataset/82. academicDigital/academicDigital0000694.jpg
545,dataset/82. academicDigital/academicDigital0000695.jpg
546,dataset/82. academicDigital/academicDigital0000696.jpg
547,dataset/82. academicDigital/academicDigital0000697.jpg
548,dataset/82. academicDigital/academicDigital0000698.jpg
549,dataset/82. academicDigital/academicDigital0000701.jpg
550,dataset/82. academicDigital/academicDigital0000702.jpg
551,dataset/82. academicDigital/academicDigital0000703.jpg
552,dataset/82. academicDigital/academicDigital0000704.jpg
553,dataset/82. academicDigital/academicDigital0000707.jpg
554,dataset/82. academicDigital/academicDigital0000708.jpg
555,dataset/82. academicDigital/academicDigital0000710.jpg
556,dataset/82. academicDigital/academicDigital0000711.jpg
557,dataset/82. academicDigital/academicDigital0000712.jpg
558,dataset/82. academicDigital/academicDigital0000713.jpg
559,dataset/82. academicDigital/academicDigital0000714.jpg
560,dataset/82. academicDigital/academicDigital0000715.jpg
561,dataset/82. academicDigital/academicDigital0000716.jpg
562,dataset/82. academicDigital/academicDigital0000717.jpg
563,dataset/82. academicDigital/academicDigital0000718.jpg
564,dataset/82. academicDigital/academicDigital0000719.jpg
565,dataset/82. academicDigital/academicDigital0000721.jpg
566,dataset/82. academicDigital/academicDigital0000722.jpg
567,dataset/82. academicDigital/academicDigital0000723.jpg
568,dataset/82. academicDigital/academicDigital0000725.jpg
569,dataset/82. academicDigital/academicDigital0000726.jpg
570,dataset/82. academicDigital/academicDigital0000727.jpg
571,dataset/82. academicDigital/academicDigital0000729.jpg
572,dataset/82. academicDigital/academicDigital0000732.jpg
573,dataset/82. academicDigital/academicDigital0000733.jpg
574,dataset/82. academicDigital/academicDigital0000734.jpg
575,dataset/82. academicDigital/academicDigital0000735.jpg
576,dataset/82. academicDigital/academicDigital0000736.jpg
577,dataset/82. academicDigital/academicDigital0000738.jpg
578,dataset/82. academicDigital/academicDigital0000740.jpg
579,dataset/82. academicDigital/academicDigital0000741.jpg
580,dataset/82. academicDigital/academicDigital0000742.jpg
581,dataset/82. academicDigital/academicDigital0000743.jpg
582,dataset/82. academicDigital/academicDigital0000746.jpg
583,dataset/82. academicDigital/academicDigital0000747.jpg
584,dataset/82. academicDigital/academicDigital0000748.jpg
585,dataset/82. academicDigital/academicDigital0000749.jpg
586,dataset/82. academicDigital/academicDigital0000750.jpg
587,dataset/82. academicDigital/academicDigital0000751.jpg
588,dataset/82. academicDigital/academicDigital0000752.jpg
589,dataset/82. academicDigital/academicDigital0000759.jpg
590,dataset/82. academicDigital/academicDigital0000760.jpg
591,dataset/82. academicDigital/academicDigital0000761.jpg
592,dataset/82. academicDigital/academicDigital0000762.jpg
593,dataset/82. academicDigital/academicDigital0000763.jpg
594,dataset/82. academicDigital/academicDigital0000764.jpg
595,dataset/82. academicDigital/academicDigital0000765.jpg
596,dataset/82. academicDigital/academicDigital0000766.jpg
597,dataset/82. academicDigital/academicDigital0000767.jpg
598,dataset/82. academicDigital/academicDigital0000768.jpg
599,dataset/82. academicDigital/academicDigital0000769.jpg
600,dataset/82. academicDigital/academicDigital0000773.jpg
601,dataset/82. academicDigital/academicDigital0000775.jpg
602,dataset/82. academicDigital/academicDigital0000776.jpg
603,dataset/82. academicDigital/academicDigital0000777.jpg
604,dataset/82. academicDigital/academicDigital0000779.jpg
605,dataset/82. academicDigital/academicDigital0000782.jpg
606,dataset/82. academicDigital/academicDigital0000783.jpg
607,dataset/82. academicDigital/academicDigital0000784.jpg
608,dataset/82. academicDigital/academicDigital0000785.jpg
609,dataset/82. academicDigital/academicDigital0000787.jpg
610,dataset/82. academicDigital/academicDigital0000788.jpg
611,dataset/82. academicDigital/academicDigital0000790.jpg
612,dataset/82. academicDigital/academicDigital0000794.jpg
613,dataset/82. academicDigital/academicDigital0000797.jpg
614,dataset/82. academicDigital/academicDigital0000798.jpg
615,dataset/82. academicDigital/academicDigital0000799.jpg
616,dataset/82. academicDigital/academicDigital0000800.jpg
617,dataset/82. academicDigital/academicDigital0000803.jpg
618,dataset/82. academicDigital/academicDigital0000804.jpg
619,dataset/82. academicDigital/academicDigital0000805.jpg
620,dataset/82. academicDigital/academicDigital0000806.jpg
621,dataset/82. academicDigital/academicDigital0000810.jpg
622,dataset/82. academicDigital/academicDigital0000811.jpg
623,dataset/82. academicDigital/academicDigital0000812.jpg
624,dataset/82. academicDigital/academicDigital0000813.jpg
625,dataset/82. academicDigital/academicDigital0000814.jpg
626,dataset/82. academicDigital/academicDigital0000815.jpg
627,dataset/82. academicDigital/academicDigital0000816.jpg
628,dataset/82. academicDigital/academicDigital0000817.jpg
629,dataset/82. academicDigital/academicDigital0000818.jpg
630,dataset/82. academicDigital/academicDigital0000820.jpg
631,dataset/82. academicDigital/academicDigital0000826.jpg
632,dataset/82. academicDigital/academicDigital0000827.jpg
633,dataset/82. academicDigital/academicDigital0000828.jpg
634,dataset/82. academicDigital/academicDigital0000831.jpg
635,dataset/82. academicDigital/academicDigital0000832.jpg
636,dataset/82. academicDigital/academicDigital0000833.jpg
637,dataset/82. academicDigital/academicDigital0000838.jpg
638,dataset/82. academicDigital/academicDigital0000839.jpg
639,dataset/82. academicDigital/academicDigital0000840.jpg
640,dataset/82. academicDigital/academicDigital0000841.jpg
641,dataset/82. academicDigital/academicDigital0000842.jpg
642,dataset/82. academicDigital/academicDigital0000844.jpg
643,dataset/82. academicDigital/academicDigital0000849.jpg
644,dataset/82. academicDigital/academicDigital0000850.jpg
645,dataset/82. academicDigital/academicDigital0000851.jpg
646,dataset/82. academicDigital/academicDigital0000852.jpg
647,dataset/82. academicDigital/academicDigital0000853.jpg
648,dataset/82. academicDigital/academicDigital0000854.jpg
649,dataset/82. academicDigital/academicDigital0000855.jpg
650,dataset/82. academicDigital/academicDigital0000857.jpg
651,dataset/82. academicDigital/academicDigital0000858.jpg
652,dataset/82. academicDigital/academicDigital0000859.jpg
653,dataset/82. academicDigital/academicDigital0000860.jpg
654,dataset/82. academicDigital/academicDigital0000861.jpg
655,dataset/82. academicDigital/academicDigital0000862.jpg
656,dataset/82. academicDigital/academicDigital0000863.jpg
657,dataset/82. academicDigital/academicDigital0000865.jpg
658,dataset/82. academicDigital/academicDigital0000866.jpg
659,dataset/82. academicDigital/academicDigital0000867.jpg
660,dataset/82. academicDigital/academicDigital0000869.jpg
661,dataset/82. academicDigital/academicDigital0000870.jpg
662,dataset/82. academicDigital/academicDigital0000871.jpg
663,dataset/82. academicDigital/academicDigital0000872.jpg
664,dataset/82. academicDigital/academicDigital0000873.jpg
665,dataset/82. academicDigital/academicDigital0000874.jpg
666,dataset/82. academicDigital/academicDigital0000875.jpg
667,dataset/82. academicDigital/academicDigital0000877.jpg
668,dataset/82. academicDigital/academicDigital0000878.jpg
669,dataset/82. academicDigital/academicDigital0000879.jpg
670,dataset/82. academicDigital/academicDigital0000880.jpg
671,dataset/82. academicDigital/academicDigital0000881.jpg
672,dataset/82. academicDigital/academicDigital0000882.jpg
673,dataset/82. academicDigital/academicDigital0000883.jpg
674,dataset/82. academicDigital/academicDigital0000885.jpg
675,dataset/82. academicDigital/academicDigital0000886.jpg
676,dataset/82. academicDigital/academicDigital0000888.jpg
677,dataset/82. academicDigital/academicDigital0000889.jpg
678,dataset/82. academicDigital/academicDigital0000890.jpg
679,dataset/82. academicDigital/academicDigital0000892.jpg
680,dataset/82. academicDigital/academicDigital0000893.jpg
681,dataset/82. academicDigital/academicDigital0000894.jpg
682,dataset/82. academicDigital/academicDigital0000895.jpg
683,dataset/82. academicDigital/academicDigital0000897.jpg
684,dataset/82. academicDigital/academicDigital0000898.jpg
685,dataset/82. academicDigital/academicDigital0000899.jpg
686,dataset/82. academicDigital/academicDigital0000900.jpg
687,dataset/82. academicDigital/academicDigital0000902.jpg
688,dataset/82. academicDigital/academicDigital0000904.jpg
689,dataset/82. academicDigital/academicDigital0000905.jpg
690,dataset/82. academicDigital/academicDigital0000906.jpg
691,dataset/82. academicDigital/academicDigital0000908.jpg
692,dataset/82. academicDigital/academicDigital0000911.jpg
693,dataset/82. academicDigital/academicDigital0000914.jpg
694,dataset/82. academicDigital/academicDigital0000915.jpg
695,dataset/82. academicDigital/academicDigital0000917.jpg
696,dataset/82. academicDigital/academicDigital0000918.jpg
697,dataset/82. academicDigital/academicDigital0000919.jpg
698,dataset/82. academicDigital/academicDigital0000920.jpg
699,dataset/82. academicDigital/academicDigital0000922.jpg
700,dataset/82. academicDigital/academicDigital0000923.jpg
701,dataset/82. academicDigital/academicDigital0000924.jpg
702,dataset/82. academicDigital/academicDigital0000925.jpg
703,dataset/82. academicDigital/academicDigital0000929.jpg
704,dataset/82. academicDigital/academicDigital0000930.jpg
705,dataset/82. academicDigital/academicDigital0000931.jpg
706,dataset/82. academicDigital/academicDigital0000932.jpg
707,dataset/82. academicDigital/academicDigital0000933.jpg
708,dataset/82. academicDigital/academicDigital0000935.jpg
709,dataset/82. academicDigital/academicDigital0000936.jpg
710,dataset/82. academicDigital/academicDigital0000937.jpg
711,dataset/82. academicDigital/academicDigital0000939.jpg
712,dataset/82. academicDigital/academicDigital0000940.jpg
713,dataset/82. academicDigital/academicDigital0000941.jpg
714,dataset/82. academicDigital/academicDigital0000942.jpg
715,dataset/82. academicDigital/academicDigital0000943.jpg
716,dataset/82. academicDigital/academicDigital0000944.jpg
717,dataset/82. academicDigital/academicDigital0000945.jpg
718,dataset/82. academicDigital/academicDigital0000946.jpg
719,dataset/82. academicDigital/academicDigital0000947.jpg
720,dataset/82. academicDigital/academicDigital0000948.jpg
721,dataset/82. academicDigital/academicDigital0000949.jpg
722,dataset/82. academicDigital/academicDigital0000953.jpg
723,dataset/82. academicDigital/academicDigital0000954.jpg
724,dataset/82. academicDigital/academicDigital0000956.jpg
725,dataset/82. academicDigital/academicDigital0000957.jpg
726,dataset/82. academicDigital/academicDigital0000958.jpg
727,dataset/82. academicDigital/academicDigital0000959.jpg
728,dataset/82. academicDigital/academicDigital0000961.jpg
729,dataset/82. academicDigital/academicDigital0000962.jpg
730,dataset/82. academicDigital/academicDigital0000963.jpg
731,dataset/82. academicDigital/academicDigital0000964.jpg
732,dataset/82. academicDigital/academicDigital0000965.jpg
733,dataset/82. academicDigital/academicDigital0000967.jpg
734,dataset/82. academicDigital/academicDigital0000968.jpg
735,dataset/82. academicDigital/academicDigital0000972.jpg
736,dataset/82. academicDigital/academicDigital0000973.jpg
737,dataset/82. academicDigital/academicDigital0000974.jpg
738,dataset/82. academicDigital/academicDigital0000975.jpg
739,dataset/82. academicDigital/academicDigital0000976.jpg
740,dataset/82. academicDigital/academicDigital0000979.jpg
741,dataset/82. academicDigital/academicDigital0000981.jpg
742,dataset/82. academicDigital/academicDigital0000982.jpg
743,dataset/82. academicDigital/academicDigital0000983.jpg
744,dataset/82. academicDigital/academicDigital0000984.jpg
745,dataset/82. academicDigital/academicDigital0000985.jpg
746,dataset/82. academicDigital/academicDigital0000986.jpg
747,dataset/82. academicDigital/academicDigital0000987.jpg
748,dataset/82. academicDigital/academicDigital0000988.jpg
749,dataset/82. academicDigital/academicDigital0000989.jpg
750,dataset/82. academicDigital/academicDigital0000990.jpg
751,dataset/82. academicDigital/academicDigital0000993.jpg
752,dataset/82. academicDigital/academicDigital0000995.jpg
753,dataset/82. academicDigital/academicDigital0000996.jpg
754,dataset/82. academicDigital/academicDigital0000997.jpg
755,dataset/82. academicDigital/academicDigital0000998.jpg
756,dataset/82. academicDigital/academicDigital0000999.jpg
757,dataset/82. academicDigital/academicDigital0001000.jpg
758,dataset/82. academicDigital/academicDigital0001002.jpg
759,dataset/82. academicDigital/academicDigital0001003.jpg
760,dataset/82. academicDigital/academicDigital0001004.jpg
761,dataset/82. academicDigital/academicDigital0001005.jpg
762,dataset/82. academicDigital/academicDigital0001007.jpg
763,dataset/82. academicDigital/academicDigital0001008.jpg
764,dataset/82. academicDigital/academicDigital0001009.jpg
765,dataset/82. academicDigital/academicDigital0001012.jpg
766,dataset/82. academicDigital/academicDigital0001013.jpg
767,dataset/82. academicDigital/academicDigital0001015.jpg
768,dataset/82. academicDigital/academicDigital0001016.jpg
769,dataset/82. academicDigital/academicDigital0001018.jpg
770,dataset/82. academicDigital/academicDigital0001019.jpg
771,dataset/82. academicDigital/academicDigital0001020.jpg
772,dataset/82. academicDigital/academicDigital0001021.jpg
773,dataset/82. academicDigital/academicDigital0001022.jpg
774,dataset/82. academicDigital/academicDigital0001024.jpg
775,dataset/82. academicDigital/academicDigital0001025.jpg
776,dataset/82. academicDigital/academicDigital0001033.jpg
777,dataset/82. academicDigital/academicDigital0001039.jpg
778,dataset/82. academicDigital/academicDigital0001040.jpg
779,dataset/82. academicDigital/academicDigital0001041.jpg
780,dataset/82. academicDigital/academicDigital0001043.jpg
781,dataset/82. academicDigital/academicDigital0001045.jpg
782,dataset/82. academicDigital/academicDigital0001046.jpg
783,dataset/82. academicDigital/academicDigital0001047.jpg
784,dataset/82. academicDigital/academicDigital0001048.jpg
785,dataset/82. academicDigital/academicDigital0001049.jpg
786,dataset/82. academicDigital/academicDigital0001052.jpg
787,dataset/82. academicDigital/academicDigital0001053.jpg
788,dataset/82. academicDigital/academicDigital0001055.jpg
789,dataset/82. academicDigital/academicDigital0001056.jpg
790,dataset/82. academicDigital/academicDigital0001057.jpg
791,dataset/82. academicDigital/academicDigital0001058.jpg
792,dataset/82. academicDigital/academicDigital0001059.jpg
793,dataset/82. academicDigital/academicDigital0001062.jpg
794,dataset/82. academicDigital/academicDigital0001063.jpg
795,dataset/82. academicDigital/academicDigital0001068.jpg
796,dataset/82. academicDigital/academicDigital0001069.jpg
797,dataset/82. academicDigital/academicDigital0001070.jpg
798,dataset/82. academicDigital/academicDigital0001071.jpg
799,dataset/82. academicDigital/academicDigital0001073.jpg
800,dataset/82. academicDigital/academicDigital0001074.jpg
801,dataset/82. academicDigital/academicDigital0001078.jpg
802,dataset/82. academicDigital/academicDigital0001079.jpg
803,dataset/82. academicDigital/academicDigital0001080.jpg
804,dataset/82. academicDigital/academicDigital0001081.jpg
805,dataset/82. academicDigital/academicDigital0001084.jpg
806,dataset/82. academicDigital/academicDigital0001086.jpg
807,dataset/82. academicDigital/academicDigital0001087.jpg
808,dataset/82. academicDigital/academicDigital0001088.jpg
809,dataset/82. academicDigital/academicDigital0001091.jpg
810,dataset/82. academicDigital/academicDigital0001092.jpg
811,dataset/82. academicDigital/academicDigital0001093.jpg
812,dataset/82. academicDigital/academicDigital0001095.jpg
813,dataset/82. academicDigital/academicDigital0001096.jpg
814,dataset/82. academicDigital/academicDigital0001097.jpg
815,dataset/82. academicDigital/academicDigital0001098.jpg
816,dataset/82. academicDigital/academicDigital0001099.jpg
817,dataset/82. academicDigital/academicDigital0001100.jpg
818,dataset/82. academicDigital/academicDigital0001101.jpg
819,dataset/82. academicDigital/academicDigital0001102.jpg
820,dataset/82. academicDigital/academicDigital0001103.jpg
821,dataset/82. academicDigital/academicDigital0001104.jpg
822,dataset/82. academicDigital/academicDigital0001105.jpg
823,dataset/82. academicDigital/academicDigital0001108.jpg
824,dataset/82. academicDigital/academicDigital0001114.jpg
825,dataset/82. academicDigital/academicDigital0001115.jpg
826,dataset/82. academicDigital/academicDigital0001116.jpg
827,dataset/82. academicDigital/academicDigital0001117.jpg
828,dataset/82. academicDigital/academicDigital0001118.jpg
829,dataset/82. academicDigital/academicDigital0001120.jpg
830,dataset/82. academicDigital/academicDigital0001122.jpg
831,dataset/82. academicDigital/academicDigital0001123.jpg
832,dataset/82. academicDigital/academicDigital0001124.jpg
833,dataset/82. academicDigital/academicDigital0001125.jpg
834,dataset/82. academicDigital/academicDigital0001126.jpg
835,dataset/82. academicDigital/academicDigital0001128.jpg
836,dataset/82. academicDigital/academicDigital0001129.jpg
837,dataset/82. academicDigital/academicDigital0001130.jpg
838,dataset/82. academicDigital/academicDigital0001131.jpg
839,dataset/82. academicDigital/academicDigital0001133.jpg
840,dataset/82. academicDigital/academicDigital0001134.jpg
841,dataset/82. academicDigital/academicDigital0001135.jpg
842,dataset/82. academicDigital/academicDigital0001136.jpg
843,dataset/82. academicDigital/academicDigital0001137.jpg
844,dataset/82. academicDigital/academicDigital0001138.jpg
845,dataset/82. academicDigital/academicDigital0001143.jpg
846,dataset/82. academicDigital/academicDigital0001144.jpg
847,dataset/82. academicDigital/academicDigital0001145.jpg
848,dataset/82. academicDigital/academicDigital0001146.jpg
849,dataset/82. academicDigital/academicDigital0001147.jpg
850,dataset/82. academicDigital/academicDigital0001148.jpg
851,dataset/82. academicDigital/academicDigital0001149.jpg
852,dataset/82. academicDigital/academicDigital0001150.jpg
853,dataset/82. academicDigital/academicDigital0001151.jpg
854,dataset/82. academicDigital/academicDigital0001152.jpg
855,dataset/82. academicDigital/academicDigital0001153.jpg
856,dataset/82. academicDigital/academicDigital0001154.jpg
857,dataset/82. academicDigital/academicDigital0001155.jpg
858,dataset/82. academicDigital/academicDigital0001156.jpg
859,dataset/82. academicDigital/academicDigital0001157.jpg
860,dataset/82. academicDigital/academicDigital0001158.jpg
861,dataset/82. academicDigital/academicDigital0001159.jpg
862,dataset/82. academicDigital/academicDigital0001161.jpg
863,dataset/82. academicDigital/academicDigital0001163.jpg
864,dataset/82. academicDigital/academicDigital0001170.jpg
865,dataset/82. academicDigital/academicDigital0001171.jpg
866,dataset/82. academicDigital/academicDigital0001172.jpg
867,dataset/82. academicDigital/academicDigital0001173.jpg
868,dataset/82. academicDigital/academicDigital0001174.jpg
869,dataset/82. academicDigital/academicDigital0001175.jpg
870,dataset/82. academicDigital/academicDigital0001177.jpg
871,dataset/82. academicDigital/academicDigital0001179.jpg
872,dataset/82. academicDigital/academicDigital0001181.jpg
873,dataset/82. academicDigital/academicDigital0001183.jpg
874,dataset/82. academicDigital/academicDigital0001187.jpg
875,dataset/82. academicDigital/academicDigital0001188.jpg
876,dataset/82. academicDigital/academicDigital0001190.jpg
877,dataset/82. academicDigital/academicDigital0001191.jpg
878,dataset/82. academicDigital/academicDigital0001192.jpg
879,dataset/82. academicDigital/academicDigital0001193.jpg
880,dataset/82. academicDigital/academicDigital0001194.jpg
881,dataset/82. academicDigital/academicDigital0001195.jpg
882,dataset/82. academicDigital/academicDigital0001197.jpg
883,dataset/82. academicDigital/academicDigital0001200.jpg
884,dataset/82. academicDigital/academicDigital0001201.jpg
885,dataset/82. academicDigital/academicDigital0001202.jpg
886,dataset/82. academicDigital/academicDigital0001203.jpg
887,dataset/82. academicDigital/academicDigital0001205.jpg
888,dataset/82. academicDigital/academicDigital0001206.jpg
889,dataset/82. academicDigital/academicDigital0001207.jpg
890,dataset/82. academicDigital/academicDigital0001208.jpg
891,dataset/82. academicDigital/academicDigital0001209.jpg
892,dataset/82. academicDigital/academicDigital0001210.jpg
893,dataset/82. academicDigital/academicDigital0001211.jpg
894,dataset/82. academicDigital/academicDigital0001212.jpg
895,dataset/82. academicDigital/academicDigital0001213.jpg
896,dataset/82. academicDigital/academicDigital0001216.jpg
897,dataset/82. academicDigital/academicDigital0001218.jpg
898,dataset/82. academicDigital/academicDigital0001219.jpg
899,dataset/82. academicDigital/academicDigital0001221.jpg
900,dataset/82. academicDigital/academicDigital0001222.jpg
901,dataset/82. academicDigital/academicDigital0001223.jpg
902,dataset/82. academicDigital/academicDigital0001224.jpg
903,dataset/82. academicDigital/academicDigital0001225.jpg
904,dataset/82. academicDigital/academicDigital0001226.jpg
905,dataset/82. academicDigital/academicDigital0001227.jpg
906,dataset/82. academicDigital/academicDigital0001228.jpg
907,dataset/82. academicDigital/academicDigital0001229.jpg
908,dataset/82. academicDigital/academicDigital0001230.jpg
909,dataset/82. academicDigital/academicDigital0001231.jpg
910,dataset/82. academicDigital/academicDigital0001234.jpg
911,dataset/82. academicDigital/academicDigital0001236.jpg
912,dataset/82. academicDigital/academicDigital0001237.jpg
913,dataset/82. academicDigital/academicDigital0001239.jpg
914,dataset/82. academicDigital/academicDigital0001240.jpg
915,dataset/82. academicDigital/academicDigital0001241.jpg
916,dataset/82. academicDigital/academicDigital0001242.jpg
917,dataset/82. academicDigital/academicDigital0001243.jpg
918,dataset/82. academicDigital/academicDigital0001244.jpg
919,dataset/82. academicDigital/academicDigital0001247.jpg
920,dataset/82. academicDigital/academicDigital0001249.jpg
921,dataset/82. academicDigital/academicDigital0001250.jpg
922,dataset/82. academicDigital/academicDigital0001251.jpg
923,dataset/82. academicDigital/academicDigital0001253.jpg
924,dataset/82. academicDigital/academicDigital0001254.jpg
925,dataset/82. academicDigital/academicDigital0001255.jpg
926,dataset/82. academicDigital/academicDigital0001256.jpg
927,dataset/82. academicDigital/academicDigital0001260.jpg
928,dataset/82. academicDigital/academicDigital0001263.jpg
929,dataset/82. academicDigital/academicDigital0001268.jpg
930,dataset/82. academicDigital/academicDigital0001269.jpg
931,dataset/82. academicDigital/academicDigital0001270.jpg
932,dataset/82. academicDigital/academicDigital0001272.jpg
933,dataset/82. academicDigital/academicDigital0001274.jpg
934,dataset/82. academicDigital/academicDigital0001275.jpg
935,dataset/82. academicDigital/academicDigital0001276.jpg
936,dataset/82. academicDigital/academicDigital0001277.jpg
937,dataset/82. academicDigital/academicDigital0001278.jpg
938,dataset/82. academicDigital/academicDigital0001280.jpg
939,dataset/82. academicDigital/academicDigital0001281.jpg
940,dataset/82. academicDigital/academicDigital0001282.jpg
941,dataset/82. academicDigital/academicDigital0001283.jpg
942,dataset/82. academicDigital/academicDigital0001284.jpg
943,dataset/82. academicDigital/academicDigital0001285.jpg
944,dataset/82. academicDigital/academicDigital0001286.jpg
945,dataset/82. academicDigital/academicDigital0001288.jpg
946,dataset/82. academicDigital/academicDigital0001292.jpg
947,dataset/82. academicDigital/academicDigital0001293.jpg
948,dataset/82. academicDigital/academicDigital0001296.jpg
949,dataset/82. academicDigital/academicDigital0001299.jpg
950,dataset/82. academicDigital/academicDigital0001300.jpg
951,dataset/82. academicDigital/academicDigital0001301.jpg
952,dataset/82. academicDigital/academicDigital0001302.jpg
953,dataset/82. academicDigital/academicDigital0001303.jpg
954,dataset/82. academicDigital/academicDigital0001304.jpg
955,dataset/82. academicDigital/academicDigital0001307.jpg
956,dataset/82. academicDigital/academicDigital0001308.jpg
957,dataset/82. academicDigital/academicDigital0001311.jpg
958,dataset/82. academicDigital/academicDigital0001313.jpg
959,dataset/82. academicDigital/academicDigital0001314.jpg
960,dataset/82. academicDigital/academicDigital0001315.jpg
961,dataset/82. academicDigital/academicDigital0001316.jpg
962,dataset/82. academicDigital/academicDigital0001317.jpg
963,dataset/82. academicDigital/academicDigital0001319.jpg
964,dataset/82. academicDigital/academicDigital0001320.jpg
965,dataset/82. academicDigital/academicDigital0001322.jpg
966,dataset/82. academicDigital/academicDigital0001327.jpg
967,dataset/82. academicDigital/academicDigital0001329.jpg
968,dataset/82. academicDigital/academicDigital0001330.jpg
969,dataset/82. academicDigital/academicDigital0001331.jpg
970,dataset/82. academicDigital/academicDigital0001332.jpg
971,dataset/82. academicDigital/academicDigital0001334.jpg
972,dataset/82. academicDigital/academicDigital0001335.jpg
973,dataset/82. academicDigital/academicDigital0001336.jpg
974,dataset/82. academicDigital/academicDigital0001337.jpg
975,dataset/82. academicDigital/academicDigital0001338.jpg
976,dataset/82. academicDigital/academicDigital0001339.jpg
977,dataset/82. academicDigital/academicDigital0001340.jpg
978,dataset/82. academicDigital/academicDigital0001341.jpg
979,dataset/82. academicDigital/academicDigital0001342.jpg
980,dataset/82. academicDigital/academicDigital0001345.jpg
981,dataset/82. academicDigital/academicDigital0001349.jpg
982,dataset/82. academicDigital/academicDigital0001352.jpg
983,dataset/82. academicDigital/academicDigital0001354.jpg
984,dataset/82. academicDigital/academicDigital0001355.jpg
985,dataset/82. academicDigital/academicDigital0001356.jpg
986,dataset/82. academicDigital/academicDigital0001360.jpg
987,dataset/82. academicDigital/academicDigital0001361.jpg
988,dataset/82. academicDigital/academicDigital0001363.jpg
989,dataset/82. academicDigital/academicDigital0001365.jpg
990,dataset/82. academicDigital/academicDigital0001366.jpg
991,dataset/82. academicDigital/academicDigital0001369.jpg
992,dataset/82. academicDigital/academicDigital0001370.jpg
993,dataset/82. academicDigital/academicDigital0001371.jpg
994,dataset/82. academicDigital/academicDigital0001372.jpg
995,dataset/82. academicDigital/academicDigital0001373.jpg
996,dataset/82. academicDigital/academicDigital0001374.jpg
997,dataset/82. academicDigital/academicDigital0001376.jpg
998,dataset/82. academicDigital/academicDigital0001377.jpg
999,dataset/82. academicDigital/academicDigital0001378.jpg
1000,dataset/82. academicDigital/academicDigital0001379.jpg
1001,dataset/82. academicDigital/academicDigital0001380.jpg
1002,dataset/82. academicDigital/academicDigital0001381.jpg
1003,dataset/82. academicDigital/academicDigital0001383.jpg
1004,dataset/82. academicDigital/academicDigital0001385.jpg
1005,dataset/82. academicDigital/academicDigital0001386.jpg
1006,dataset/82. academicDigital/academicDigital0001387.jpg
1007,dataset/82. academicDigital/academicDigital0001388.jpg
1008,dataset/82. academicDigital/academicDigital0001390.jpg
1009,dataset/82. academicDigital/academicDigital0001391.jpg
1010,dataset/82. academicDigital/academicDigital0001392.jpg
1011,dataset/82. academicDigital/academicDigital0001393.jpg
1012,dataset/82. academicDigital/academicDigital0001395.jpg
1013,dataset/82. academicDigital/academicDigital0001396.jpg
1014,dataset/82. academicDigital/academicDigital0001397.jpg
1015,dataset/82. academicDigital/academicDigital0001398.jpg
1016,dataset/82. academicDigital/academicDigital0001399.jpg
1017,dataset/82. academicDigital/academicDigital0001403.jpg
1018,dataset/82. academicDigital/academicDigital0001404.jpg
1019,dataset/82. academicDigital/academicDigital0001405.jpg
1020,dataset/82. academicDigital/academicDigital0001406.jpg
1021,dataset/82. academicDigital/academicDigital0001407.jpg
1022,dataset/82. academicDigital/academicDigital0001408.jpg
1023,dataset/82. academicDigital/academicDigital0001409.jpg
1024,dataset/82. academicDigital/academicDigital0001410.jpg
1025,dataset/82. academicDigital/academicDigital0001411.jpg
1026,dataset/82. academicDigital/academicDigital0001412.jpg
1027,dataset/82. academicDigital/academicDigital0001413.jpg
1028,dataset/82. academicDigital/academicDigital0001414.jpg
1029,dataset/82. academicDigital/academicDigital0001415.jpg
1030,dataset/82. academicDigital/academicDigital0001416.jpg
1031,dataset/82. academicDigital/academicDigital0001418.jpg
1032,dataset/82. academicDigital/academicDigital0001419.jpg
1033,dataset/82. academicDigital/academicDigital0001420.jpg
1034,dataset/82. academicDigital/academicDigital0001421.jpg
1035,dataset/82. academicDigital/academicDigital0001422.jpg
1036,dataset/82. academicDigital/academicDigital0001423.jpg
1037,dataset/82. academicDigital/academicDigital0001424.jpg
1038,dataset/82. academicDigital/academicDigital0001425.jpg
1039,dataset/82. academicDigital/academicDigital0001427.jpg
1040,dataset/82. academicDigital/academicDigital0001429.jpg
1041,dataset/82. academicDigital/academicDigital0001430.jpg
1042,dataset/82. academicDigital/academicDigital0001431.jpg
1043,dataset/82. academicDigital/academicDigital0001433.jpg
1044,dataset/82. academicDigital/academicDigital0001435.jpg
1045,dataset/82. academicDigital/academicDigital0001437.jpg
1046,dataset/82. academicDigital/academicDigital0001438.jpg
1047,dataset/82. academicDigital/academicDigital0001439.jpg
1048,dataset/82. academicDigital/academicDigital0001440.jpg
1049,dataset/82. academicDigital/academicDigital0001441.jpg
1050,dataset/82. academicDigital/academicDigital0001442.jpg
1051,dataset/82. academicDigital/academicDigital0001443.jpg
1052,dataset/82. academicDigital/academicDigital0001446.jpg
1053,dataset/82. academicDigital/academicDigital0001447.jpg
1054,dataset/82. academicDigital/academicDigital0001452.jpg
1055,dataset/82. academicDigital/academicDigital0001453.jpg
1056,dataset/82. academicDigital/academicDigital0001456.jpg
1057,dataset/82. academicDigital/academicDigital0001460.jpg
1058,dataset/82. academicDigital/academicDigital0001462.jpg
1059,dataset/82. academicDigital/academicDigital0001463.jpg
1060,dataset/82. academicDigital/academicDigital0001464.jpg
1061,dataset/82. academicDigital/academicDigital0001465.jpg
1062,dataset/82. academicDigital/academicDigital0001466.jpg
1063,dataset/82. academicDigital/academicDigital0001468.jpg
1064,dataset/82. academicDigital/academicDigital0001469.jpg
1065,dataset/82. academicDigital/academicDigital0001471.jpg
1066,dataset/82. academicDigital/academicDigital0001473.jpg
1067,dataset/82. academicDigital/academicDigital0001474.jpg
1068,dataset/82. academicDigital/academicDigital0001477.jpg
1069,dataset/82. academicDigital/academicDigital0001479.jpg
1070,dataset/82. academicDigital/academicDigital0001481.jpg
1071,dataset/82. academicDigital/academicDigital0001483.jpg
1072,dataset/82. academicDigital/academicDigital0001484.jpg
1073,dataset/82. academicDigital/academicDigital0001485.jpg
1074,dataset/82. academicDigital/academicDigital0001486.jpg
1075,dataset/82. academicDigital/academicDigital0001487.jpg
1076,dataset/82. academicDigital/academicDigital0001488.jpg
1077,dataset/82. academicDigital/academicDigital0001490.jpg
1078,dataset/82. academicDigital/academicDigital0001492.jpg
1079,dataset/82. academicDigital/academicDigital0001493.jpg
1080,dataset/82. academicDigital/academicDigital0001495.jpg
1081,dataset/82. academicDigital/academicDigital0001496.jpg
1082,dataset/82. academicDigital/academicDigital0001497.jpg
1083,dataset/82. academicDigital/academicDigital0001498.jpg
1084,dataset/82. academicDigital/academicDigital0001499.jpg
1085,dataset/82. academicDigital/academicDigital0001500.jpg
1086,dataset/82. academicDigital/academicDigital0001501.jpg
1087,dataset/82. academicDigital/academicDigital0001502.jpg
1088,dataset/82. academicDigital/academicDigital0001503.jpg
1089,dataset/82. academicDigital/academicDigital0001504.jpg
1090,dataset/82. academicDigital/academicDigital0001507.jpg
1091,dataset/82. academicDigital/academicDigital0001508.jpg
1092,dataset/82. academicDigital/academicDigital0001509.jpg
1093,dataset/82. academicDigital/academicDigital0001511.jpg
1094,dataset/82. academicDigital/academicDigital0001512.jpg
1095,dataset/82. academicDigital/academicDigital0001513.jpg
1096,dataset/82. academicDigital/academicDigital0001518.jpg
1097,dataset/82. academicDigital/academicDigital0001520.jpg
1098,dataset/82. academicDigital/academicDigital0001521.jpg
1099,dataset/82. academicDigital/academicDigital0001522.jpg
1100,dataset/82. academicDigital/academicDigital0001523.jpg
1101,dataset/82. academicDigital/academicDigital0001524.jpg
1102,dataset/82. academicDigital/academicDigital0001525.jpg
1103,dataset/82. academicDigital/academicDigital0001526.jpg
1104,dataset/82. academicDigital/academicDigital0001527.jpg
1105,dataset/82. academicDigital/academicDigital0001533.jpg
1106,dataset/82. academicDigital/academicDigital0001534.jpg
1107,dataset/82. academicDigital/academicDigital0001535.jpg
1108,dataset/82. academicDigital/academicDigital0001536.jpg
1109,dataset/82. academicDigital/academicDigital0001537.jpg
1110,dataset/82. academicDigital/academicDigital0001539.jpg
1111,dataset/82. academicDigital/academicDigital0001540.jpg
1112,dataset/82. academicDigital/academicDigital0001545.jpg
1113,dataset/82. academicDigital/academicDigital0001546.jpg
1114,dataset/82. academicDigital/academicDigital0001547.jpg
1115,dataset/82. academicDigital/academicDigital0001548.jpg
1116,dataset/82. academicDigital/academicDigital0001549.jpg
1117,dataset/82. academicDigital/academicDigital0001550.jpg
1118,dataset/82. academicDigital/academicDigital0001551.jpg
1119,dataset/82. academicDigital/academicDigital0001552.jpg
1120,dataset/82. academicDigital/academicDigital0001554.jpg
1121,dataset/82. academicDigital/academicDigital0001555.jpg
1122,dataset/82. academicDigital/academicDigital0001558.jpg
1123,dataset/82. academicDigital/academicDigital0001559.jpg
1124,dataset/82. academicDigital/academicDigital0001560.jpg
1125,dataset/82. academicDigital/academicDigital0001561.jpg
1126,dataset/82. academicDigital/academicDigital0001562.jpg
1127,dataset/82. academicDigital/academicDigital0001563.jpg
1128,dataset/82. academicDigital/academicDigital0001567.jpg
1129,dataset/82. academicDigital/academicDigital0001570.jpg
1130,dataset/82. academicDigital/academicDigital0001571.jpg
1131,dataset/82. academicDigital/academicDigital0001573.jpg
1132,dataset/82. academicDigital/academicDigital0001575.jpg
1133,dataset/82. academicDigital/academicDigital0001576.jpg
1134,dataset/82. academicDigital/academicDigital0001577.jpg
1135,dataset/82. academicDigital/academicDigital0001578.jpg
1136,dataset/82. academicDigital/academicDigital0001579.jpg
1137,dataset/82. academicDigital/academicDigital0001580.jpg
1138,dataset/82. academicDigital/academicDigital0001581.jpg
1139,dataset/82. academicDigital/academicDigital0001583.jpg
1140,dataset/82. academicDigital/academicDigital0001585.jpg
1141,dataset/82. academicDigital/academicDigital0001588.jpg
1142,dataset/82. academicDigital/academicDigital0001589.jpg
1143,dataset/82. academicDigital/academicDigital0001590.jpg
1144,dataset/82. academicDigital/academicDigital0001591.jpg
1145,dataset/82. academicDigital/academicDigital0001593.jpg
1146,dataset/82. academicDigital/academicDigital0001595.jpg
1147,dataset/82. academicDigital/academicDigital0001596.jpg
1148,dataset/82. academicDigital/academicDigital0001597.jpg
1149,dataset/82. academicDigital/academicDigital0001599.jpg
1150,dataset/82. academicDigital/academicDigital0001601.jpg
1151,dataset/82. academicDigital/academicDigital0001603.jpg
1152,dataset/82. academicDigital/academicDigital0001604.jpg
1153,dataset/82. academicDigital/academicDigital0001606.jpg
1154,dataset/82. academicDigital/academicDigital0001607.jpg
1155,dataset/82. academicDigital/academicDigital0001609.jpg
1156,dataset/82. academicDigital/academicDigital0001610.jpg
1157,dataset/82. academicDigital/academicDigital0001613.jpg
1158,dataset/82. academicDigital/academicDigital0001615.jpg
1159,dataset/82. academicDigital/academicDigital0001617.jpg
1160,dataset/82. academicDigital/academicDigital0001618.jpg
1161,dataset/82. academicDigital/academicDigital0001624.jpg
1162,dataset/82. academicDigital/academicDigital0001625.jpg
1163,dataset/82. academicDigital/academicDigital0001626.jpg
1164,dataset/82. academicDigital/academicDigital0001627.jpg
1165,dataset/82. academicDigital/academicDigital0001628.jpg
1166,dataset/82. academicDigital/academicDigital0001629.jpg
1167,dataset/82. academicDigital/academicDigital0001630.jpg
1168,dataset/82. academicDigital/academicDigital0001631.jpg
1169,dataset/82. academicDigital/academicDigital0001632.jpg
1170,dataset/82. academicDigital/academicDigital0001633.jpg
1171,dataset/82. academicDigital/academicDigital0001634.jpg
1172,dataset/82. academicDigital/academicDigital0001635.jpg
1173,dataset/82. academicDigital/academicDigital0001636.jpg
1174,dataset/82. academicDigital/academicDigital0001637.jpg
1175,dataset/82. academicDigital/academicDigital0001639.jpg
1176,dataset/82. academicDigital/academicDigital0001640.jpg
1177,dataset/82. academicDigital/academicDigital0001641.jpg
1178,dataset/82. academicDigital/academicDigital0001642.jpg
1179,dataset/82. academicDigital/academicDigital0001644.jpg
1180,dataset/82. academicDigital/academicDigital0001645.jpg
1181,dataset/82. academicDigital/academicDigital0001646.jpg
1182,dataset/82. academicDigital/academicDigital0001647.jpg
1183,dataset/82. academicDigital/academicDigital0001648.jpg
1184,dataset/82. academicDigital/academicDigital0001650.jpg
1185,dataset/82. academicDigital/academicDigital0001651.jpg
1186,dataset/82. academicDigital/academicDigital0001652.jpg
1187,dataset/82. academicDigital/academicDigital0001653.jpg
1188,dataset/82. academicDigital/academicDigital0001654.jpg
1189,dataset/82. academicDigital/academicDigital0001656.jpg
1190,dataset/82. academicDigital/academicDigital0001657.jpg
1191,dataset/82. academicDigital/academicDigital0001658.jpg
1192,dataset/82. academicDigital/academicDigital0001659.jpg
1193,dataset/82. academicDigital/academicDigital0001660.jpg
1194,dataset/82. academicDigital/academicDigital0001661.jpg
1195,dataset/82. academicDigital/academicDigital0001663.jpg
1196,dataset/82. academicDigital/academicDigital0001664.jpg
1197,dataset/82. academicDigital/academicDigital0001665.jpg
1198,dataset/82. academicDigital/academicDigital0001666.jpg
1199,dataset/82. academicDigital/academicDigital0001667.jpg
1200,dataset/82. academicDigital/academicDigital0001668.jpg
1201,dataset/82. academicDigital/academicDigital0001671.jpg
1202,dataset/82. academicDigital/academicDigital0001672.jpg
1203,dataset/82. academicDigital/academicDigital0001673.jpg
1204,dataset/82. academicDigital/academicDigital0001676.jpg
1205,dataset/82. academicDigital/academicDigital0001678.jpg
1206,dataset/82. academicDigital/academicDigital0001679.jpg
1207,dataset/82. academicDigital/academicDigital0001680.jpg
1208,dataset/82. academicDigital/academicDigital0001681.jpg
1209,dataset/82. academicDigital/academicDigital0001682.jpg
1210,dataset/82. academicDigital/academicDigital0001683.jpg
1211,dataset/82. academicDigital/academicDigital0001684.jpg
1212,dataset/82. academicDigital/academicDigital0001685.jpg
1213,dataset/82. academicDigital/academicDigital0001686.jpg
1214,dataset/82. academicDigital/academicDigital0001687.jpg
1215,dataset/82. academicDigital/academicDigital0001688.jpg
1216,dataset/82. academicDigital/academicDigital0001689.jpg
1217,dataset/82. academicDigital/academicDigital0001692.jpg
1218,dataset/82. academicDigital/academicDigital0001695.jpg
1219,dataset/82. academicDigital/academicDigital0001696.jpg
1220,dataset/82. academicDigital/academicDigital0001697.jpg
1221,dataset/82. academicDigital/academicDigital0001698.jpg
1222,dataset/82. academicDigital/academicDigital0001700.jpg
1223,dataset/82. academicDigital/academicDigital0001701.jpg
1224,dataset/82. academicDigital/academicDigital0001702.jpg
1225,dataset/82. academicDigital/academicDigital0001703.jpg
1226,dataset/82. academicDigital/academicDigital0001705.jpg
1227,dataset/82. academicDigital/academicDigital0001706.jpg
1228,dataset/82. academicDigital/academicDigital0001707.jpg
1229,dataset/82. academicDigital/academicDigital0001709.jpg
1230,dataset/82. academicDigital/academicDigital0001710.jpg
1231,dataset/82. academicDigital/academicDigital0001713.jpg
1232,dataset/82. academicDigital/academicDigital0001715.jpg
1233,dataset/82. academicDigital/academicDigital0001716.jpg
1234,dataset/82. academicDigital/academicDigital0001717.jpg
1235,dataset/82. academicDigital/academicDigital0001718.jpg
1236,dataset/82. academicDigital/academicDigital0001726.jpg
1237,dataset/82. academicDigital/academicDigital0001727.jpg
1238,dataset/82. academicDigital/academicDigital0001729.jpg
1239,dataset/82. academicDigital/academicDigital0001730.jpg
1240,dataset/82. academicDigital/academicDigital0001731.jpg
1241,dataset/82. academicDigital/academicDigital0001732.jpg
1242,dataset/82. academicDigital/academicDigital0001733.jpg
1243,dataset/82. academicDigital/academicDigital0001736.jpg
1244,dataset/82. academicDigital/academicDigital0001742.jpg
1245,dataset/82. academicDigital/academicDigital0001744.jpg
1246,dataset/82. academicDigital/academicDigital0001745.jpg
1247,dataset/82. academicDigital/academicDigital0001746.jpg
1248,dataset/82. academicDigital/academicDigital0001759.jpg
1249,dataset/82. academicDigital/academicDigital0001761.jpg
1250,dataset/82. academicDigital/academicDigital0001782.jpg
1251,dataset/82. academicDigital/academicDigital0001784.jpg
1252,dataset/82. academicDigital/academicDigital0001785.jpg
1253,dataset/82. academicDigital/academicDigital0001786.jpg
1254,dataset/82. academicDigital/academicDigital0001787.jpg
1255,dataset/82. academicDigital/academicDigital0001788.jpg
1256,dataset/82. academicDigital/academicDigital0001789.jpg
1257,dataset/82. academicDigital/academicDigital0001790.jpg
1258,dataset/82. academicDigital/academicDigital0001791.jpg
1259,dataset/82. academicDigital/academicDigital0001792.jpg
1260,dataset/82. academicDigital/academicDigital0001793.jpg
1261,dataset/82. academicDigital/academicDigital0001794.jpg
1262,dataset/82. academicDigital/academicDigital0001795.jpg
1263,dataset/82. academicDigital/academicDigital0001796.jpg
1264,dataset/82. academicDigital/academicDigital0001797.jpg
1265,dataset/82. academicDigital/academicDigital0001798.jpg
1266,dataset/82. academicDigital/academicDigital0001799.jpg
1267,dataset/82. academicDigital/academicDigital0001800.jpg
1268,dataset/82. academicDigital/academicDigital0001801.jpg
1269,dataset/82. academicDigital/academicDigital0001802.jpg
1270,dataset/82. academicDigital/academicDigital0001803.jpg
1271,dataset/82. academicDigital/academicDigital0001804.jpg
1272,dataset/82. academicDigital/academicDigital0001805.jpg
1273,dataset/82. academicDigital/academicDigital0001806.jpg
1274,dataset/82. academicDigital/academicDigital0001807.jpg
1275,dataset/82. academicDigital/academicDigital0001808.jpg
1276,dataset/82. academicDigital/academicDigital0001809.jpg
1277,dataset/82. academicDigital/academicDigital0001810.jpg
1278,dataset/82. academicDigital/academicDigital0001811.jpg
1279,dataset/82. academicDigital/academicDigital0001812.jpg
1280,dataset/82. academicDigital/academicDigital0001813.jpg
1281,dataset/82. academicDigital/academicDigital0001814.jpg
1282,dataset/82. academicDigital/academicDigital0001815.jpg
1283,dataset/82. academicDigital/academicDigital0001816.jpg
1284,dataset/82. academicDigital/academicDigital0001817.jpg
1285,dataset/82. academicDigital/academicDigital0001818.jpg
1286,dataset/82. academicDigital/academicDigital0001819.jpg
1287,dataset/82. academicDigital/academicDigital0001820.jpg
1288,dataset/82. academicDigital/academicDigital0001821.jpg
1289,dataset/82. academicDigital/academicDigital0001822.jpg
1290,dataset/82. academicDigital/academicDigital0001823.jpg
1291,dataset/82. academicDigital/academicDigital0001824.jpg
1292,dataset/82. academicDigital/academicDigital0001825.jpg
1293,dataset/82. academicDigital/academicDigital0001827.jpg
1294,dataset/82. academicDigital/academicDigital0001828.jpg
1295,dataset/82. academicDigital/academicDigital0001829.jpg
1296,dataset/82. academicDigital/academicDigital0001830.jpg
1297,dataset/82. academicDigital/academicDigital0001831.jpg
1298,dataset/82. academicDigital/academicDigital0001832.jpg
1299,dataset/82. academicDigital/academicDigital0001833.jpg
1300,dataset/82. academicDigital/academicDigital0001834.jpg
1301,dataset/82. academicDigital/academicDigital0001835.jpg
1302,dataset/82. academicDigital/academicDigital0001836.jpg
1303,dataset/82. academicDigital/academicDigital0001837.jpg
1304,dataset/82. academicDigital/academicDigital0001838.jpg
1305,dataset/82. academicDigital/academicDigital0001839.jpg
1306,dataset/82. academicDigital/academicDigital0001840.jpg
1307,dataset/82. academicDigital/academicDigital0001841.jpg
1308,dataset/82. academicDigital/academicDigital0001842.jpg
1309,dataset/82. academicDigital/academicDigital0001843.jpg
1310,dataset/82. academicDigital/academicDigital0001844.jpg
1311,dataset/82. academicDigital/academicDigital0001845.jpg
1312,dataset/82. academicDigital/academicDigital0001846.jpg
1313,dataset/82. academicDigital/academicDigital0001847.jpg
1314,dataset/82. academicDigital/academicDigital0001848.jpg
1315,dataset/82. academicDigital/academicDigital0001849.jpg
1316,dataset/82. academicDigital/academicDigital0001850.jpg
1317,dataset/82. academicDigital/academicDigital0001851.jpg
1318,dataset/82. academicDigital/academicDigital0001852.jpg
1319,dataset/82. academicDigital/academicDigital0001853.jpg
1320,dataset/82. academicDigital/academicDigital0001854.jpg
1321,dataset/82. academicDigital/academicDigital0001855.jpg
1322,dataset/82. academicDigital/academicDigital0001856.jpg
1323,dataset/82. academicDigital/academicDigital0001857.jpg
1324,dataset/82. academicDigital/academicDigital0001858.jpg
1325,dataset/82. academicDigital/academicDigital0001859.jpg
1326,dataset/82. academicDigital/academicDigital0001860.jpg
1327,dataset/82. academicDigital/academicDigital0001861.jpg
1328,dataset/82. academicDigital/academicDigital0001862.jpg
1329,dataset/82. academicDigital/academicDigital0001863.jpg
1330,dataset/82. academicDigital/academicDigital0001864.jpg
1331,dataset/82. academicDigital/academicDigital0001865.jpg
1332,dataset/82. academicDigital/academicDigital0001866.jpg
1333,dataset/82. academicDigital/academicDigital0001868.jpg
1334,dataset/82. academicDigital/academicDigital0001869.jpg
1335,dataset/82. academicDigital/academicDigital0001870.jpg
1336,dataset/82. academicDigital/academicDigital0001872.jpg
1337,dataset/82. academicDigital/academicDigital0001873.jpg
1338,dataset/82. academicDigital/academicDigital0001874.jpg
1339,dataset/82. academicDigital/academicDigital0001875.jpg
1340,dataset/82. academicDigital/academicDigital0001876.jpg
1341,dataset/82. academicDigital/academicDigital0001881.jpg
1342,dataset/82. academicDigital/academicDigital0001882.jpg
1343,dataset/82. academicDigital/academicDigital0001883.jpg
1344,dataset/82. academicDigital/academicDigital0001884.jpg
1345,dataset/82. academicDigital/academicDigital0001885.jpg
1346,dataset/82. academicDigital/academicDigital0001886.jpg
1347,dataset/82. academicDigital/academicDigital0001887.jpg
1348,dataset/82. academicDigital/academicDigital0001888.jpg
1349,dataset/82. academicDigital/academicDigital0001890.jpg
1350,dataset/82. academicDigital/academicDigital0001891.jpg
1351,dataset/82. academicDigital/academicDigital0001892.jpg
1352,dataset/82. academicDigital/academicDigital0001893.jpg
1353,dataset/82. academicDigital/academicDigital0001894.jpg
1354,dataset/82. academicDigital/academicDigital0001895.jpg
1355,dataset/82. academicDigital/academicDigital0001897.jpg
1356,dataset/82. academicDigital/academicDigital0001898.jpg
1357,dataset/82. academicDigital/academicDigital0001901.jpg
1358,dataset/82. academicDigital/academicDigital0001902.jpg
1359,dataset/82. academicDigital/academicDigital0001903.jpg
1360,dataset/82. academicDigital/academicDigital0001904.jpg
1361,dataset/82. academicDigital/academicDigital0001906.jpg
1362,dataset/82. academicDigital/academicDigital0001907.jpg
1363,dataset/82. academicDigital/academicDigital0001908.jpg
1364,dataset/82. academicDigital/academicDigital0001909.jpg
1365,dataset/82. academicDigital/academicDigital0001910.jpg
1366,dataset/82. academicDigital/academicDigital0001911.jpg
1367,dataset/82. academicDigital/academicDigital0001912.jpg
1368,dataset/82. academicDigital/academicDigital0001913.jpg
1369,dataset/82. academicDigital/academicDigital0001914.jpg
1370,dataset/82. academicDigital/academicDigital0001915.jpg
1371,dataset/82. academicDigital/academicDigital0001916.jpg
1372,dataset/82. academicDigital/academicDigital0001917.jpg
1373,dataset/82. academicDigital/academicDigital0001918.jpg
1374,dataset/82. academicDigital/academicDigital0001919.jpg
1375,dataset/82. academicDigital/academicDigital0001920.jpg
1376,dataset/82. academicDigital/academicDigital0001921.jpg
1377,dataset/82. academicDigital/academicDigital0001922.jpg
1378,dataset/82. academicDigital/academicDigital0001923.jpg
1379,dataset/82. academicDigital/academicDigital0001924.jpg
1380,dataset/82. academicDigital/academicDigital0001925.jpg
1381,dataset/82. academicDigital/academicDigital0001926.jpg
1382,dataset/82. academicDigital/academicDigital0001927.jpg
1383,dataset/82. academicDigital/academicDigital0001928.jpg
1384,dataset/82. academicDigital/academicDigital0001930.jpg
1385,dataset/82. academicDigital/academicDigital0001931.jpg
1386,dataset/82. academicDigital/academicDigital0001932.jpg
1387,dataset/82. academicDigital/academicDigital0001933.jpg
1388,dataset/82. academicDigital/academicDigital0001934.jpg
1389,dataset/82. academicDigital/academicDigital0001935.jpg
1390,dataset/82. academicDigital/academicDigital0001936.jpg
1391,dataset/82. academicDigital/academicDigital0001938.jpg
1392,dataset/82. academicDigital/academicDigital0001939.jpg
1393,dataset/82. academicDigital/academicDigital0001940.jpg
1394,dataset/82. academicDigital/academicDigital0001941.jpg
1395,dataset/82. academicDigital/academicDigital0001942.jpg
1396,dataset/82. academicDigital/academicDigital0001943.jpg
1397,dataset/82. academicDigital/academicDigital0001944.jpg
1398,dataset/82. academicDigital/academicDigital0001945.jpg
1399,dataset/82. academicDigital/academicDigital0001946.jpg
1400,dataset/82. academicDigital/academicDigital0001950.jpg
1401,dataset/82. academicDigital/academicDigital0001951.jpg
1402,dataset/82. academicDigital/academicDigital0001952.jpg
1403,dataset/82. academicDigital/academicDigital0001953.jpg
1404,dataset/82. academicDigital/academicDigital0001954.jpg
1405,dataset/82. academicDigital/academicDigital0001955.jpg
1406,dataset/82. academicDigital/academicDigital0001956.jpg
1407,dataset/82. academicDigital/academicDigital0001958.jpg
1408,dataset/82. academicDigital/academicDigital0001959.jpg
1409,dataset/82. academicDigital/academicDigital0001960.jpg
1410,dataset/82. academicDigital/academicDigital0001961.jpg
1411,dataset/82. academicDigital/academicDigital0001964.jpg
1412,dataset/82. academicDigital/academicDigital0001965.jpg
1413,dataset/82. academicDigital/academicDigital0001966.jpg
1414,dataset/82. academicDigital/academicDigital0001968.jpg
1415,dataset/82. academicDigital/academicDigital0001969.jpg
1416,dataset/82. academicDigital/academicDigital0001970.jpg
1417,dataset/82. academicDigital/academicDigital0001971.jpg
1418,dataset/82. academicDigital/academicDigital0001972.jpg
1419,dataset/82. academicDigital/academicDigital0001973.jpg
1420,dataset/82. academicDigital/academicDigital0001975.jpg
1421,dataset/82. academicDigital/academicDigital0001976.jpg
